{"cameraMode":{"drawMode":0,"name":"Shaded","section":"Shading Mode"},"sceneLighting":true,"audioPlay":false,"sceneViewState":{"showFog":false,"showMaterialUpdate":false,"showSkybox":true,"showFlares":false,"showImageEffects":false,"showParticleSystems":true},"in2DMode":false,"pivot":{"x":1.2305024862289429,"y":1.8815425634384156,"z":1.7058954238891602},"rotation":{"x":-0.2099190503358841,"y":-0.11558850109577179,"z":0.02499973028898239,"w":-0.9705402255058289},"size":19.371105194091798,"orthographic":false}