{"cameraMode":{"drawMode":0,"name":"Shaded","section":"Shading Mode"},"sceneLighting":false,"audioPlay":false,"sceneViewState":{"showFog":false,"showMaterialUpdate":false,"showSkybox":true,"showFlares":false,"showImageEffects":false,"showParticleSystems":true},"in2DMode":false,"pivot":{"x":11.203121185302735,"y":2.3115129470825197,"z":-10.400391578674317},"rotation":{"x":-0.46855223178863528,"y":0.09110190719366074,"z":-0.048652153462171558,"w":-0.8773780465126038},"size":1.9399529695510865,"orthographic":false}