{"cameraMode":{"drawMode":0,"name":"Shaded","section":"Shading Mode"},"sceneLighting":false,"audioPlay":false,"sceneViewState":{"showFog":false,"showMaterialUpdate":false,"showSkybox":true,"showFlares":false,"showImageEffects":false,"showParticleSystems":true},"in2DMode":false,"pivot":{"x":11.989411354064942,"y":2.229625940322876,"z":-29.793075561523439},"rotation":{"x":-0.28413712978363039,"y":0.33956366777420046,"z":-0.10840057581663132,"w":-0.8900628685951233},"size":1.3641341924667359,"orthographic":false}