{"cameraMode":{"drawMode":0,"name":"Shaded","section":"Shading Mode"},"sceneLighting":false,"audioPlay":false,"sceneViewState":{"showFog":false,"showMaterialUpdate":false,"showSkybox":true,"showFlares":false,"showImageEffects":false,"showParticleSystems":true},"in2DMode":false,"pivot":{"x":11.989411354064942,"y":2.229625940322876,"z":-29.793075561523439},"rotation":{"x":-0.32814523577690127,"y":-0.6155230402946472,"z":0.31346604228019717,"w":-0.6443533301353455},"size":1.3641341924667359,"orthographic":false}