{"cameraMode":{"drawMode":0,"name":"Shaded","section":"Shading Mode"},"sceneLighting":true,"audioPlay":false,"sceneViewState":{"showFog":false,"showMaterialUpdate":false,"showSkybox":true,"showFlares":false,"showImageEffects":false,"showParticleSystems":true},"in2DMode":false,"pivot":{"x":20.97296714782715,"y":2.4212241172790529,"z":-15.031949996948243},"rotation":{"x":-0.009890989400446415,"y":-0.7002835869789124,"z":0.009708891622722149,"w":-0.7137302160263062},"size":20.555438995361329,"orthographic":false}