{"cameraMode":{"drawMode":0,"name":"Shaded","section":"Shading Mode"},"sceneLighting":false,"audioPlay":false,"sceneViewState":{"showFog":false,"showMaterialUpdate":false,"showSkybox":true,"showFlares":false,"showImageEffects":false,"showParticleSystems":true},"in2DMode":false,"pivot":{"x":-13.360783576965332,"y":13.217555046081543,"z":-15.202425003051758},"rotation":{"x":0.19833917915821076,"y":-0.7983686327934265,"z":0.35943713784217837,"w":0.4405384063720703},"size":5.294581890106201,"orthographic":false}