{"cameraMode":{"drawMode":0,"name":"Shaded","section":"Shading Mode"},"sceneLighting":false,"audioPlay":false,"sceneViewState":{"showFog":false,"showMaterialUpdate":false,"showSkybox":true,"showFlares":false,"showImageEffects":false,"showParticleSystems":true},"in2DMode":false,"pivot":{"x":-18.81153678894043,"y":4.554666042327881,"z":7.621677875518799},"rotation":{"x":0.23455901443958283,"y":0.06674470007419586,"z":-0.016148826107382776,"w":0.9696733951568604},"size":6.701136112213135,"orthographic":false}