{"cameraMode":{"drawMode":0,"name":"Shaded","section":"Shading Mode"},"sceneLighting":false,"audioPlay":false,"sceneViewState":{"showFog":false,"showMaterialUpdate":false,"showSkybox":true,"showFlares":false,"showImageEffects":false,"showParticleSystems":true},"in2DMode":false,"pivot":{"x":6.145665168762207,"y":2.2923455238342287,"z":-25.046403884887697},"rotation":{"x":-0.2500703036785126,"y":-0.6569055914878845,"z":0.24616190791130067,"w":-0.6673411726951599},"size":4.022085189819336,"orthographic":false}