{"cameraMode":{"drawMode":0,"name":"Shaded","section":"Shading Mode"},"sceneLighting":true,"audioPlay":false,"sceneViewState":{"showFog":false,"showMaterialUpdate":false,"showSkybox":true,"showFlares":false,"showImageEffects":false,"showParticleSystems":true},"in2DMode":false,"pivot":{"x":-61.453941345214847,"y":8.128936767578125,"z":-79.55750274658203},"rotation":{"x":-0.006516368128359318,"y":-0.9692294597625732,"z":-0.025823140516877176,"w":0.24471434950828553},"size":81.40333557128906,"orthographic":false}