{"cameraMode":{"drawMode":0,"name":"Shaded","section":"Shading Mode"},"sceneLighting":false,"audioPlay":false,"sceneViewState":{"showFog":false,"showMaterialUpdate":false,"showSkybox":true,"showFlares":false,"showImageEffects":false,"showParticleSystems":true},"in2DMode":false,"pivot":{"x":11.203121185302735,"y":2.3115129470825197,"z":-10.400391578674317},"rotation":{"x":0.23949606716632844,"y":-0.32264941930770876,"z":0.08474525809288025,"w":0.9117879271507263},"size":1.9399529695510865,"orthographic":false}