{"cameraMode":{"drawMode":0,"name":"Shaded","section":"Shading Mode"},"sceneLighting":true,"audioPlay":false,"sceneViewState":{"showFog":false,"showMaterialUpdate":false,"showSkybox":true,"showFlares":false,"showImageEffects":false,"showParticleSystems":true},"in2DMode":false,"pivot":{"x":11.934379577636719,"y":3.1270012855529787,"z":-14.255284309387207},"rotation":{"x":0.01992970146238804,"y":0.5746534466743469,"z":-0.01400397252291441,"w":0.8180343508720398},"size":21.350202560424806,"orthographic":false}